b,c,d,e,f,h,i,j,k,a,b,c,d,e,f,g,h,i,j,k,a,b,c,d,e,f,g,h,i,j,k,a,b,c,d,e,f,g,h,i,j,k,a,b,c,d,e,f,g,h,i,j,k,
b,c,d,e,f,h,i,j,k,a,b,c,d,e,f,g,h,i,j,k,a,b,c,d,e,f,g,h,i,j,k,a,b,c,d,e,f,g,h,i,j,k,a,b,c,d,e,f,g,h,i,j,k,
b,c,d,e,f,h,i,j,k,a,b,c,d,e,f,g,h,i,j,k,a,b,c,d,e,f,g,h,i,j,k,a,b,c,d,e,f,g,h,i,j,k,a,b,c,d,e,f,g,h,i,j,k,
b,c,d,e,f,h,i,j,k,a,b,c,d,e,f,g,h,i,j,k,a,b,c,d,e,f,g,h,i,j,k,a,b,c,d,e,f,g,h,i,j,k,a,b,c,d,e,f,g,h,i,j,k,
b,c,d,e,f,h,i,j,k,a,b,c,d,e,f,g,h,i,j,k,a,b,c,d,e,f,g,h,i,j,k,a,b,c,d,e,f,g,h,i,j,k,a,b,c,d,e,f,g,h,i,j,k,
b,c,d,e,f,h,i,j,k,a,b,c,d,e,f,g,h,i,j,k,a,b,c,d,e,f,g,h,i,j,k,a,b,c,d,e,f,g,h,i,j,k,a,b,c,d,e,f,g,h,i,j,k,
b,c,d,e,f,h,i,j,k,a,b,c,d,e,f,g,h,i,j,k,a,b,c,d,e,f,g,h,i,j,k,a,b,c,d,e,f,g,h,i,j,k,a,b,c,d,e,f,g,h,i,j,k,
b,c,d,e,f,h,i,j,k,a,b,c,d,e,f,g,h,i,j,k,a,b,c,d,e,f,g,h,i,j,k,a,b,c,d,e,f,g,h,i,j,k,a,b,c,d,e,f,g,h,i,j,k,
b,c,d,e,f,h,i,j,k,a,b,c,d,e,f,g,h,i,j,k,a,b,c,d,e,f,g,h,i,j,k,a,b,c,d,e,f,g,h,i,j,k,a,b,c,d,e,f,g,h,i,j,k,
b,c,d,e,f,h,i,j,k,a,b,c,d,e,f,g,h,i,j,k,a,b,c,d,e,f,g,h,i,j,k,a,b,c,d,e,f,g,h,i,j,k,a,b,c,d,e,f,g,h,i,j,k,
b,c,d,e,f,h,i,j,k,a,b,c,d,e,f,g,h,i,j,k,a,b,c,d,e,f,g,h,i,j,k,a,b,c,d,e,f,g,h,i,j,k,a,b,c,d,e,f,g,h,i,j,k,
b,c,d,e,f,h,i,j,k,a,b,c,d,e,f,g,h,i,j,k,a,b,c,d,e,f,g,h,i,j,k,a,b,c,d,e,f,g,h,i,j,k,a,b,c,d,e,f,g,h,i,j,k,
b,c,d,e,f,h,i,j,k,a,b,c,d,e,f,g,h,i,j,k,a,b,c,d,e,f,g,h,i,j,k,a,b,c,d,e,f,g,h,i,j,k,a,b,c,d,e,f,g,h,i,j,k,
b,c,d,e,f,h,i,j,k,a,b,c,d,e,f,g,h,i,j,k,a,b,c,d,e,f,g,h,i,j,k,a,b,c,d,e,f,g,h,i,j,k,a,b,c,d,e,f,g,h,i,j,k,
b,c,d,e,f,h,i,j,k,a,b,c,d,e,f,g,h,i,j,k,a,b,c,d,e,f,g,h,i,j,k,a,b,c,d,e,f,g,h,i,j,k,a,b,c,d,e,f,g,h,i,j,k,
b,c,d,e,f,h,i,j,k,a,b,c,d,e,f,g,h,i,j,k,a,b,c,d,e,f,g,h,i,j,k,a,b,c,d,e,f,g,h,i,j,k,a,b,c,d,e,f,g,h,i,j,k,
b,c,d,e,f,h,i,j,k,a,b,c,d,e,f,g,h,i,j,k,a,b,c,d,e,f,g,h,i,j,k,a,b,c,d,e,f,g,h,i,j,k,a,b,c,d,e,f,g,h,i,j,k,
b,c,d,e,f,h,i,j,k,a,b,c,d,e,f,g,h,i,j,k,a,b,c,d,e,f,g,h,i,j,k,a,b,c,d,e,f,g,h,i,j,k,a,b,c,d,e,f,g,h,i,j,k,
b,c,d,e,f,h,i,j,k,a,b,c,d,e,f,g,h,i,j,k,a,b,c,d,e,f,g,h,i,j,k,a,b,c,d,e,f,g,h,i,j,k,a,b,c,d,e,f,g,h,i,j,k,
b,c,d,e,f,h,i,j,k,a,b,c,d,e,f,g,h,i,j,k,a,b,c,d,e,f,g,h,i,j,k,a,b,c,d,e,f,g,h,i,j,k,a,b,c,d,e,f,g,h,i,j,k,
b,c,d,e,f,h,i,j,k,a,b,c,d,e,f,g,h,i,j,k,a,b,c,d,e,f,g,h,i,j,k,a,b,c,d,e,f,g,h,i,j,k,a,b,c,d,e,f,g,h,i,j,k,
b,c,d,e,f,h,i,j,k,a,b,c,d,e,f,g,h,i,j,k,a,b,c,d,e,f,g,h,i,j,k,a,b,c,d,e,f,g,h,i,j,k,a,b,c,d,e,f,g,h,i,j,k,
b,c,d,e,f,h,i,j,k,a,b,c,d,e,f,g,h,i,j,k,a,b,c,d,e,f,g,h,i,j,k,a,b,c,d,e,f,g,h,i,j,k,a,b,c,d,e,f,g,h,i,j,k,
b,c,d,e,f,h,i,j,k,a,b,c,d,e,f,g,h,i,j,k,a,b,c,d,e,f,g,h,i,j,k,a,b,c,d,e,f,g,h,i,j,k,a,b,c,d,e,f,g,h,i,j,k,
b,c,d,e,f,h,i,j,k,a,b,c,d,e,f,g,h,i,j,k,a,b,c,d,e,f,g,h,i,j,k,a,b,c,d,e,f,g,h,i,j,k,a,b,c,d,e,f,g,h,i,j,k,
b,c,d,e,f,h,i,j,k,a,b,c,d,e,f,g,h,i,j,k,a,b,c,d,e,f,g,h,i,j,k,a,b,c,d,e,f,g,h,i,j,k,a,b,c,d,e,f,g,h,i,j,k,
b,c,d,e,f,h,i,j,k,a,b,c,d,e,f,g,h,i,j,k,a,b,c,d,e,f,g,h,i,j,k,a,b,c,d,e,f,g,h,i,j,k,a,b,c,d,e,f,g,h,i,j,k,
b,c,d,e,f,h,i,j,k,a,b,c,d,e,f,g,h,i,j,k,a,b,c,d,e,f,g,h,i,j,k,a,b,c,d,e,f,g,h,i,j,k,a,b,c,d,e,f,g,h,i,j,k,
b,c,d,e,f,h,i,j,k,a,b,c,d,e,f,g,h,i,j,k,a,b,c,d,e,f,g,h,i,j,k,a,b,c,d,e,f,g,h,i,j,k,a,b,c,d,e,f,g,h,i,j,k,
b,c,d,e,f,h,i,j,k,a,b,c,d,e,f,g,h,i,j,k,a,b,c,d,e,f,g,h,i,j,k,a,b,c,d,e,f,g,h,i,j,k,a,b,c,d,e,f,g,h,i,j,k,
b,c,d,e,f,h,i,j,k,a,b,c,d,e,f,g,h,i,j,k,a,b,c,d,e,f,g,h,i,j,k,a,b,c,d,e,f,g,h,i,j,k,a,b,c,d,e,f,g,h,i,j,k,
b,c,d,e,f,h,i,j,k,a,b,c,d,e,f,g,h,i,j,k,a,b,c,d,e,f,g,h,i,j,k,a,b,c,d,e,f,g,h,i,j,k,a,b,c,d,e,f,g,h,i,j,k,
b,c,d,e,f,h,i,j,k,a,b,c,d,e,f,g,h,i,j,k,a,b,c,d,e,f,g,h,i,j,k,a,b,c,d,e,f,g,h,i,j,k,a,b,c,d,e,f,g,h,i,j,k,
b,c,d,e,f,h,i,j,k,a,b,c,d,e,f,g,h,i,j,k,a,b,c,d,e,f,g,h,i,j,k,a,b,c,d,e,f,g,h,i,j,k,a,b,c,d,e,f,g,h,i,j,k,
b,c,d,e,f,h,i,j,k,a,b,c,d,e,f,g,h,i,j,k,a,b,c,d,e,f,g,h,i,j,k,a,b,c,d,e,f,g,h,i,j,k,a,b,c,d,e,f,g,h,i,j,k,
b,c,d,e,f,h,i,j,k,a,b,c,d,e,f,g,h,i,j,k,a,b,c,d,e,f,g,h,i,j,k,a,b,c,d,e,f,g,h,i,j,k,a,b,c,d,e,f,g,h,i,j,k,
b,c,d,e,f,h,i,j,k,a,b,c,d,e,f,g,h,i,j,k,a,b,c,d,e,f,g,h,i,j,k,a,b,c,d,e,f,g,h,i,j,k,a,b,c,d,e,f,g,h,i,j,k,
b,c,d,e,f,h,i,j,k,a,b,c,d,e,f,g,h,i,j,k,a,b,c,d,e,f,g,h,i,j,k,a,b,c,d,e,f,g,h,i,j,k,a,b,c,d,e,f,g,h,i,j,k,
b,c,d,e,f,h,i,j,k,a,b,c,d,e,f,g,h,i,j,k,a,b,c,d,e,f,g,h,i,j,k,a,b,c,d,e,f,g,h,i,j,k,a,b,c,d,e,f,g,h,i,j,k,
b,c,d,e,f,h,i,j,k,a,b,c,d,e,f,g,h,i,j,k,a,b,c,d,e,f,g,h,i,j,k,a,b,c,d,e,f,g,h,i,j,k,a,b,c,d,e,f,g,h,i,j,k,
b,c,d,e,f,h,i,j,k,a,b,c,d,e,f,g,h,i,j,k,a,b,c,d,e,f,g,h,i,j,k,a,b,c,d,e,f,g,h,i,j,k,a,b,c,d,e,f,g,h,i,j,k,
b,c,d,e,f,h,i,j,k,a,b,c,d,e,f,g,h,i,j,k,a,b,c,d,e,f,g,h,i,j,k,a,b,c,d,e,f,g,h,i,j,k,a,b,c,d,e,f,g,h,i,j,k,
b,c,d,e,f,h,i,j,k,a,b,c,d,e,f,g,h,i,j,k,a,b,c,d,e,f,g,h,i,j,k,a,b,c,d,e,f,g,h,i,j,k,a,b,c,d,e,f,g,h,i,j,k,
b,c,d,e,f,h,i,j,k,a,b,c,d,e,f,g,h,i,j,k,a,b,c,d,e,f,g,h,i,j,k,a,b,c,d,e,f,g,h,i,j,k,a,b,c,d,e,f,g,h,i,j,k,
b,c,d,e,f,h,i,j,k,a,b,c,d,e,f,g,h,i,j,k,a,b,c,d,e,f,g,h,i,j,k,a,b,c,d,e,f,g,h,i,j,k,a,b,c,d,e,f,g,h,i,j,k,
b,c,d,e,f,h,i,j,k,a,b,c,d,e,f,g,h,i,j,k,a,b,c,d,e,f,g,h,i,j,k,a,b,c,d,e,f,g,h,i,j,k,a,b,c,d,e,f,g,h,i,j,k,
b,c,d,e,f,h,i,j,k,a,b,c,d,e,f,g,h,i,j,k,a,b,c,d,e,f,g,h,i,j,k,a,b,c,d,e,f,g,h,i,j,k,a,b,c,d,e,f,g,h,i,j,k,
b,c,d,e,f,h,i,j,k,a,b,c,d,e,f,g,h,i,j,k,a,b,c,d,e,f,g,h,i,j,k,a,b,c,d,e,f,g,h,i,j,k,a,b,c,d,e,f,g,h,i,j,k,
b,c,d,e,f,h,i,j,k,a,b,c,d,e,f,g,h,i,j,k,a,b,c,d,e,f,g,h,i,j,k,a,b,c,d,e,f,g,h,i,j,k,a,b,c,d,e,f,g,h,i,j,k,
b,c,d,e,f,h,i,j,k,a,b,c,d,e,f,g,h,i,j,k,a,b,c,d,e,f,g,h,i,j,k,a,b,c,d,e,f,g,h,i,j,k,a,b,c,d,e,f,g,h,i,j,k,
b,c,d,e,f,h,i,j,k,a,b,c,d,e,f,g,h,i,j,k,a,b,c,d,e,f,g,h,i,j,k,a,b,c,d,e,f,g,h,i,j,k,a,b,c,d,e,f,g,h,i,j,k,
b,c,d,e,f,h,i,j,k,a,b,c,d,e,f,g,h,i,j,k,a,b,c,d,e,f,g,h,i,j,k,a,b,c,d,e,f,g,h,i,j,k,a,b,c,d,e,f,g,h,i,j,k,
b,c,d,e,f,h,i,j,k,a,b,c,d,e,f,g,h,i,j,k,a,b,c,d,e,f,g,h,i,j,k,a,b,c,d,e,f,g,h,i,j,k,a,b,c,d,e,f,g,h,i,j,k,
b,c,d,e,f,h,i,j,k,a,b,c,d,e,f,g,h,i,j,k,a,b,c,d,e,f,g,h,i,j,k,a,b,c,d,e,f,g,h,i,j,k,a,b,c,d,e,f,g,h,i,j,kb,
b,c,d,e,f,h,i,j,k,a,b,c,d,e,f,g,h,i,j,k,a,b,c,d,e,f,g,h,i,j,k,a,b,c,d,e,f,g,h,i,j,k,a,b,c,d,e,f,g,h,i,j,k,
b,c,d,e,f,h,i,j,k,a,b,c,d,e,f,g,h,i,j,k,a,b,c,d,e,f,g,h,i,j,k,a,b,c,d,e,f,g,h,i,j,k,a,b,c,d,e,f,g,h,i,j,k,
b,c,d,e,f,h,i,j,k,a,b,c,d,e,f,g,h,i,j,k,a,b,c,d,e,f,g,h,i,j,k,a,b,c,d,e,f,g,h,i,j,k,a,b,c,d,e,f,g,h,i,j,k,
b,c,d,e,f,h,i,j,k,a,b,c,d,e,f,g,h,i,j,k,a,b,c,d,e,f,g,h,i,j,k,a,b,c,d,e,f,g,h,i,j,k,a,b,c,d,e,f,g,h,i,j,k,
b,c,d,e,f,h,i,j,k,a,b,c,d,e,f,g,h,i,j,k,a,b,c,d,e,f,g,h,i,j,k,a,b,c,d,e,f,g,h,i,j,k,a,b,c,d,e,f,g,h,i,j,k,
b,c,d,e,f,h,i,j,k,a,b,c,d,e,f,g,h,i,j,k,a,b,c,d,e,f,g,h,i,j,k,a,b,c,d,e,f,g,h,i,j,k,a,b,c,d,e,f,g,h,i,j,k,
b,c,d,e,f,h,i,j,k,a,b,c,d,e,f,g,h,i,j,k,a,b,c,d,e,f,g,h,i,j,k,a,b,c,d,e,f,g,h,i,j,k,a,b,c,d,e,f,g,h,i,j,k,
b,c,d,e,f,h,i,j,k,a,b,c,d,e,f,g,h,i,j,k,a,b,c,d,e,f,g,h,i,j,k,a,b,c,d,e,f,g,h,i,j,k,a,b,c,d,e,f,g,h,i,j,k,
b,c,d,e,f,h,i,j,k,a,b,c,d,e,f,g,h,i,j,k,a,b,c,d,e,f,g,h,i,j,k,a,b,c,d,e,f,g,h,i,j,k,a,b,c,d,e,f,g,h,i,j,k,
b,c,d,e,f,h,i,j,k,a,b,c,d,e,f,g,h,i,j,k,a,b,c,d,e,f,g,h,i,j,k,a,b,c,d,e,f,g,h,i,j,k,a,b,c,d,e,f,g,h,i,j,k,
b,c,d,e,f,h,i,j,k,a,b,c,d,e,f,g,h,i,j,k,a,b,c,d,e,f,g,h,i,j,k,a,b,c,d,e,f,g,h,i,j,k,a,b,c,d,e,f,g,h,i,j,k,
b,c,d,e,f,h,i,j,k,a,b,c,d,e,f,g,h,i,j,k,a,b,c,d,e,f,g,h,i,j,k,a,b,c,d,e,f,g,h,i,j,k,a,b,c,d,e,f,g,h,i,j,k,
b,c,d,e,f,h,i,j,k,a,b,c,d,e,f,g,h,i,j,k,a,b,c,d,e,f,g,h,i,j,k,a,b,c,d,e,f,g,h,i,j,k,a,b,c,d,e,f,g,h,i,j,k,
b,c,d,e,f,h,i,j,k,a,b,c,d,e,f,g,h,i,j,k,a,b,c,d,e,f,g,h,i,j,k,a,b,c,d,e,f,g,h,i,j,k,a,b,c,d,e,f,g,h,i,j,k,
b,c,d,e,f,h,i,j,k,a,b,c,d,e,f,g,h,i,j,k,a,b,c,d,e,f,g,h,i,j,k,a,b,c,d,e,f,g,h,i,j,k,a,b,c,d,e,f,g,h,i,j,k,
b,c,d,e,f,h,i,j,k,a,b,c,d,e,f,g,h,i,j,k,a,b,c,d,e,f,g,h,i,j,k,a,b,c,d,e,f,g,h,i,j,k,a,b,c,d,e,f,g,h,i,j,k,
b,c,d,e,f,h,i,j,k,a,b,c,d,e,f,g,h,i,j,k,a,b,c,d,e,f,g,h,i,j,k,a,b,c,d,e,f,g,h,i,j,k,a,b,c,d,e,f,g,h,i,j,k,
b,c,d,e,f,h,i,j,k,a,b,c,d,e,f,g,h,i,j,k,a,b,c,d,e,f,g,h,i,j,k,a,b,c,d,e,f,g,h,i,j,k,a,b,c,d,e,f,g,h,i,j,k,
b,c,d,e,f,h,i,j,k,a,b,c,d,e,f,g,h,i,j,k,a,b,c,d,e,f,g,h,i,j,k,a,b,c,d,e,f,g,h,i,j,k,a,b,c,d,e,f,g,h,i,j,k,
b,c,d,e,f,h,i,j,k,a,b,c,d,e,f,g,h,i,j,k,a,b,c,d,e,f,g,h,i,j,k,a,b,c,d,e,f,g,h,i,j,k,a,b,c,d,e,f,g,h,i,j,k,
b,c,d,e,f,h,i,j,k,a,b,c,d,e,f,g,h,i,j,k,a,b,c,d,e,f,g,h,i,j,k,a,b,c,d,e,f,g,h,i,j,k,a,b,c,d,e,f,g,h,i,j,k,
b,c,d,e,f,h,i,j,k,a,b,c,d,e,f,g,h,i,j,k,a,b,c,d,e,f,g,h,i,j,k,a,b,c,d,e,f,g,h,i,j,k,a,b,c,d,e,f,g,h,i,j,k,
